Make,Variant,Length,GeoRegion,CRS,Price,Year
Lagoon,380,38.0,Caribbean,Martinique,204921,2005
Lagoon,380,38.0,Caribbean,Guadeloupe,200071,2005
Lagoon,380,38.0,USA,Florida,219000,2005
Fountaine Pajot,Lavezzi 40,39.0,Caribbean,Mexico,210000,2005
Leopard,40,39.0,Caribbean,Panama,200000,2005
Nautitech,40,39.5,Europe,Croatia,188252,2005
Nautitech,40,39.5,Europe,Croatia,188131,2005
Lagoon,410,40.5,Caribbean,Grenada,225000,2005
Lagoon,410-S2,40.5,Europe,Spain,303395,2005
Lagoon,410-S2,40.5,Europe,Turkey,231042,2005
Lagoon,410,40.5,USA,Florida,235000,2005
Broadblue,415,42.0,Caribbean,Grenada,330000,2005
Manta,42 MK II,42.0,USA,Florida,269500,2005
Manta,42 MK II,42.0,USA,Florida,249900,2005
Manta,42 MK II,42.0,USA,Florida,249900,2005
Knysna,440,44.0,Caribbean,Grenada,230000,2005
Lagoon,440,44.6,Caribbean,Martinique,349833,2005
Lagoon,440,44.6,Caribbean,Martinique,349560,2005
Lagoon,440,44.6,USA,Georgia,379000,2005
Lagoon,440,44.6,USA,Florida,320000,2005
Lagoon,440,44.6,USA,Florida,320000,2005
Fountaine Pajot,Bahia 46,46.0,Caribbean,Martinique,255179,2005
Fountaine Pajot,Bahia 46,46.0,Caribbean,Martinique,254636,2005
Fountaine Pajot,Bahia 46,46.0,USA,Florida,229000,2005
Nautitech,47,47.0,Caribbean,Dominican Republic,266761,2005
Leopard,47,47.0,Caribbean,U.S. Virgin Islands,235000,2005
Fountaine Pajot,Athena 38,38.0,Europe,Croatia,163694,2006
Fountaine Pajot,Athena 38,38.0,Europe,Croatia,146864,2006
Fountaine Pajot,Athena 38,38.0,Europe,Croatia,146719,2006
Fountaine Pajot,Athena 38,38.0,Europe,Croatia,140188,2006
Fountaine Pajot,Athena 38,38.0,Europe,Croatia,133138,2006
Broadblue,385,38.7,Europe,Spain,223109,2006
Broadblue,385,38.7,Europe,United Kingdom,220542,2006
Broadblue,385,38.7,Europe,Spain,220475,2006
Broadblue,385,38.7,Europe,United Kingdom,219923,2006
Broadblue,385,38.7,Europe,Spain,219766,2006
Fountaine Pajot,Lavezzi 40,39.0,Europe,Greece,200642,2006
Fountaine Pajot,Lavezzi 40,39.0,Europe,Italy,188482,2006
Leopard,40,39.0,USA,Washington,239000,2006
Fountaine Pajot,Lavezzi 40,39.0,USA,Texas,219000,2006
Leopard,40,39.0,USA,Florida,215500,2006
Nautitech,40,39.5,Europe,Greece,217401,2006
Nautitech,40,39.5,Europe,Greece,217047,2006
Nautitech,40,39.5,Europe,Italy,206722,2006
Nautitech,40,39.5,Europe,Greece,206551,2006
Nautitech,40,39.5,Europe,Greece,206337,2006
Nautitech,40,39.5,Europe,Greece,192796,2006
Nautitech,40,39.5,Europe,Greece,191772,2006
Nautitech,402,40.0,USA,Florida,199990,2006
Lagoon,410-S2,40.6,Europe,Spain,302787,2006
Lagoon,420,41.0,Europe,Italy,358698,2006
Maine Cat,41,41.6,USA,New York,349000,2006
Manta,42 MK II,42.0,USA,Florida,269900,2006
Leopard,43,42.5,Europe,Italy,206708,2006
Fountaine Pajot,Belize 43,42.65,USA,Florida,275000,2006
Privilege,435,43.0,Caribbean,Guatemala,345100,2006
Privilege,435,43.0,Caribbean,Guatemala,344705,2006
Privilege,435,43.0,Caribbean,Mexico,344705,2006
Privilege,435,43.0,Caribbean,Mexico,315000,2006
Broadblue,435,43.6,Europe,Greece,267617,2006
Lagoon,440,44.6,Europe,Greece,325285,2006
Lagoon,440,44.6,Europe,Greece,321976,2006
Lagoon,440,44.6,Europe,Greece,321644,2006
Lagoon,440,44.6,Europe,Italy,309826,2006
Lagoon,440,44.6,Europe,Italy,309506,2006
Lagoon,440,44.6,Europe,Italy,303751,2006
Lagoon,440,44.6,Europe,Italy,303437,2006
Lagoon,440,44.6,Europe,Croatia,267301,2006
Lagoon,440,44.6,Europe,Croatia,267025,2006
Lagoon,440,44.6,Europe,Croatia,267025,2006
Lagoon,440,44.6,USA,Florida,349000,2006
Fountaine Pajot,Bahia 46,46.0,Caribbean,Martinique,346315,2006
Fountaine Pajot,Bahia 46,46.0,Caribbean,Martinique,345577,2006
Fountaine Pajot,Pajot Bahia 46,46.0,Europe,Italy,242939,2006
Fountaine Pajot,Bahia 46,46.0,Europe,Italy,242510,2006
Catana,47 Ocean Class,47.0,Caribbean,Guatemala,516769,2006
Leopard,47,47.0,Caribbean,Honduras,257061,2006
Nautitech,47,47.0,Europe,Greece,498026,2006
Nautitech,47,47.0,Europe,Greece,497637,2006
Lagoon,50 Owners Version,48.0,Caribbean,Martinique,450000,2006
Lagoon,50,48.0,Caribbean,British Virgin Islands,449000,2006
Lagoon,500,51.0,Europe,Spain,515334,2006
Lagoon,500,51.0,Europe,Greece,515334,2006
Lagoon,500,51.0,Europe,Greece,461585,2006
Lagoon,500,51.0,Europe,Greece,461225,2006
Lagoon,500,51.0,Europe,Greece,423929,2006
Lagoon,500,51.0,Europe,Greece,423599,2006
Lagoon,500,51.0,Europe,Greece,418330,2006
Lagoon,380 S2,38.0,USA,Maryland,226900,2007
Broadblue,385,38.7,Europe,Greece,202496,2007
Broadblue,385,38.7,Europe,United Kingdom,200493,2007
Lagoon,420,41.0,Europe,Germany,314925,2007
Fountaine Pajot,Orana 44,43.0,Caribbean,Puerto Rico,315000,2007
Fountaine Pajot,Orana 44,43.0,USA,Maryland,320000,2007
Knysna,440,44.0,Caribbean,Trinidad and Tobago,220000,2007
Lagoon,440,44.6,Caribbean,Martinique,376556,2007
Lagoon,440,44.6,Caribbean,Martinique,376262,2007
Lagoon,440,44.6,Caribbean,Netherlands Antilles,310000,2007
Lagoon,440,44.6,Europe,Spain,394877,2007
Lagoon,440,44.6,Europe,Spain,394469,2007
Lagoon,440,44.6,Europe,Spain,339729,2007
Lagoon,440,44.6,Europe,Spain,309506,2007
Lagoon,440,44.6,Europe,Greece,297676,2007
Lagoon,440,44.6,Europe,Greece,297369,2007
Lagoon,440,44.6,USA,Florida,349000,2007
Lagoon,440,44.6,USA,Maryland,310000,2007
Lagoon,440,44.6,USA,Florida,294000,2007
Nautitech,47,47.0,Europe,Greece,394469,2007
Fountaine Pajot,Salina 48,47.0,Europe,Turkey,345919,2007
Privilege,495,47.0,USA,Massachusetts,429900,2007
Lagoon,420,49.0,USA,Florida,435000,2007
Catana,50,50.0,Europe,France,703279,2007
Lagoon,500,51.0,Europe,Spain,594150,2007
Lagoon,500,51.0,Europe,Italy,497146,2007
Lagoon,570,56.0,Europe,France,705237,2007
Seawind,1160,38.0,Caribbean,Mexico,350000,2008
Lagoon,380 S2,38.0,Europe,Italy,236926,2008
Lagoon,380,38.0,Europe,Italy,236447,2008
Lagoon,380,38.0,USA,Florida,229000,2008
Broadblue,385,38.7,Europe,Greece,202496,2008
Broadblue,385,38.7,Europe,Greece,200071,2008
Broadblue,385,38.7,Europe,Greece,193332,2008
Nautitech,40.2,39.0,Caribbean,Martinique,216047,2008
Fountaine Pajot,Lavezzi 40,39.0,Caribbean,Cayman Islands,186733,2008
Leopard,40,39.0,Europe,France,273094,2008
Alliaura,Feeling 39 DI,39.0,Europe,France,218645,2008
Fountaine Pajot,Lavezzi 40,39.0,Europe,France,194562,2008
Fountaine Pajot,Lavezzi 40,39.0,Europe,France,194401,2008
Fountaine Pajot,Lavezzi 40,39.0,Europe,Greece,188278,2008
Fountaine Pajot,Lavezzi 40,39.0,Europe,Greece,187945,2008
Nautitech,40,39.5,Europe,Croatia,191772,2008
Lagoon,420,41.0,Caribbean,Guatemala,380000,2008
Lagoon,420,41.0,Caribbean,Martinique,338028,2008
Lagoon,420,41.0,Caribbean,Martinique,337640,2008
Lagoon,420,41.0,Caribbean,Cayman Islands,310061,2008
Lagoon,420,41.0,Caribbean,British Virgin Islands,309739,2008
Lagoon,420,41.0,Caribbean,Cayman Islands,309705,2008
Lagoon,420,41.0,Caribbean,British Virgin Islands,309079,2008
Lagoon,420,41.0,Caribbean,Cayman Islands,297902,2008
Lagoon,420,41.0,Caribbean,Cayman Islands,297560,2008
Lagoon,420,41.0,Europe,Greece,358335,2008
Lagoon,420,41.0,Europe,Greece,358056,2008
Lagoon,420,41.0,Europe,France,338900,2008
Lagoon,420,41.0,Europe,France,338636,2008
Lagoon,420,41.0,Europe,France,338028,2008
Lagoon,420,41.0,Europe,France,337640,2008
Lagoon,420,41.0,Europe,Spain,327968,2008
Lagoon,420,41.0,Europe,Spain,327712,2008
Lagoon,420,41.0,Europe,Greece,303982,2008
Lagoon,420,41.0,Europe,Greece,303633,2008
Lagoon,420,41.0,USA,Florida,396000,2008
Lagoon,420,41.0,USA,Maryland,389900,2008
Lagoon,420,41.0,USA,Florida,375000,2008
Lagoon,440,42.0,Europe,Italy,303982,2008
Lagoon,440,42.0,Europe,Italy,297902,2008
Manta,42 MK IV,42.0,USA,Florida,270000,2008
Manta,42 MK IV,42.0,USA,Florida,270000,2008
Fountaine Pajot,Orana 44,43.0,Caribbean,Saint-Martin,390827,2008
Fountaine Pajot,Orana 44,43.0,Caribbean,Guatemala,339000,2008
Fountaine Pajot,Orana 44,43.0,Caribbean,Martinique,309860,2008
Fountaine Pajot,Orana 44,43.0,Caribbean,Martinique,309506,2008
Fountaine Pajot,Orana 44,43.0,Europe,France,338636,2008
Fountaine Pajot,Orana 44,43.0,Europe,Greece,328300,2008
Fountaine Pajot,Orana 44,43.0,Europe,Greece,328300,2008
Fountaine Pajot,Orana 44,43.0,Europe,Greece,327968,2008
Fountaine Pajot,Orana 44,43.0,Europe,Turkey,285231,2008
Fountaine Pajot,Orana 44,43.0,Europe,Turkey,261424,2008
Nautitech,44,44.0,Europe,Greece,312493,2008
Lagoon,440,44.6,Caribbean,Guadeloupe,400537,2008
Lagoon,440,44.6,Caribbean,Guadeloupe,363194,2008
Lagoon,440,44.6,Caribbean,Guadeloupe,362911,2008
Lagoon,440,44.6,Caribbean,Dominican Republic,325000,2008
Lagoon,440,44.6,Caribbean,Mexico,303674,2008
Lagoon,440,44.6,Caribbean,Mexico,303437,2008
Lagoon,440,44.6,Europe,Spain,431327,2008
Lagoon,440,44.6,Europe,Spain,430881,2008
Lagoon,440,44.6,Europe,Italy,388400,2008
Lagoon,440,44.6,Europe,Turkey,388400,2008
Lagoon,440,44.6,Europe,Italy,388400,2008
Lagoon,440,44.6,Europe,France,376652,2008
Lagoon,440,44.6,Europe,France,376262,2008
Lagoon,440,44.6,Europe,Turkey,346276,2008
Lagoon,440,44.6,Europe,Turkey,345919,2008
Lagoon,440,44.6,Europe,Turkey,334126,2008
Lagoon,440,44.6,Europe,Turkey,333781,2008
Lagoon,440,44.6,Europe,Croatia,313471,2008
Lagoon,440,44.6,Europe,Croatia,313147,2008
Lagoon,440,44.6,USA,Maryland,359000,2008
Leopard,46,46.0,Caribbean,Martinique,299000,2008
Leopard,46,46.0,USA,Florida,449000,2008
Leopard,46,46.0,USA,Florida,385000,2008
Privilege,495,47.0,Caribbean,Martinique,449893,2008
Privilege,495,47.0,Caribbean,Martinique,449602,2008
Privilege,495,47.0,Caribbean,Martinique,386665,2008
Privilege,495,47.0,Caribbean,Martinique,386414,2008
Leopard,47,47.0,Caribbean,British Virgin Islands,115000,2008
Fountaine Pajot,Salina 48,47.0,Europe,Greece,503706,2008
Fountaine Pajot,Salina 48,47.0,Europe,Italy,418744,2008
Fountaine Pajot,Salina 48,47.0,Europe,Greece,376556,2008
Fountaine Pajot,Salina 48,47.0,Europe,Greece,376262,2008
Fountaine Pajot,Salina 48,47.0,Europe,Greece,346188,2008
Fountaine Pajot,Salina 48,47.0,Europe,Greece,345919,2008
Nautitech,47,47.0,Europe,Greece,339850,2008
Fountaine Pajot,Salina 48,47.0,Europe,Greece,333781,2008
Nautitech,47,47.0,Europe,Greece,318002,2008
Nautitech,47,47.0,Europe,Greece,309506,2008
Voyage Yachts,500,50.0,Caribbean,British Virgin Islands,479000,2008
Voyage Yachts,500,50.0,Caribbean,British Virgin Islands,465000,2008
Catana,50,50.0,Europe,France,709342,2008
Voyage Yachts,500,50.0,USA,Florida,365000,2008
Lagoon,500,51.0,Caribbean,Martinique,553247,2008
Lagoon,500,51.0,Europe,Italy,667562,2008
Lagoon,500,51.0,Europe,Greece,606875,2008
Lagoon,500,51.0,Europe,Portugal,546613,2008
Lagoon,500,51.0,Europe,Portugal,545648,2008
Lagoon,500,51.0,Europe,Lagos,521397,2008
Lagoon,500,51.0,Europe,Italy,412997,2008
Lagoon,500,51.0,Europe,Italy,412675,2008
Lagoon,500,51.0,Europe,Italy,411782,2008
Lagoon,500,51.0,Europe,Italy,411461,2008
Catana,50,53.0,Europe,Spain,632282,2008
Fountaine Pajot,Lavezzi 40,39.0,Caribbean,Guadeloupe,205124,2009
Nautitech,40.2,39.0,Caribbean,Martinique,194422,2009
Nautitech,40.2,39.0,Caribbean,Martinique,194200,2009
Fountaine Pajot,Lipari 41,40.0,Caribbean,Belize,194008,2009
Lagoon,420,41.0,USA,Florida,309000,2009
Lagoon,420,41.0,USA,Florida,280000,2009
Lagoon,420,41.0,USA,Florida,280000,2009
Broadblue,415,42.0,Europe,Spain,364170,2009
Broadblue,415,42.0,Europe,Spain,363802,2009
Fountaine Pajot,Orana 44,43.0,Caribbean,Saint-Martin,329000,2009
Fountaine Pajot,Orana 44,43.0,Caribbean,Antigua and Barbuda,327712,2009
Fountaine Pajot,Orana 44,43.0,USA,Florida,300000,2009
Lagoon,440,44.6,Europe,Croatia,435736,2009
Lagoon,440,44.6,Europe,Croatia,347755,2009
Lagoon,440,44.6,USA,Maryland,525000,2009
Leopard,46,46.0,Europe,Italy,339514,2009
Nautitech,47,47.0,Caribbean,Antigua and Barbuda,364000,2009
Fountaine Pajot,Salina 48,47.0,Caribbean,Martinique,314925,2009
Fountaine Pajot,Salina 48,47.0,Europe,Croatia,315454,2009
Lagoon,500,51.0,Europe,Greece,546187,2009
Lagoon,500,51.0,Europe,Greece,521912,2009
Lagoon,500,51.0,Europe,Greece,503208,2009
Lagoon,500,51.0,USA,Florida,425000,2009
Leopard,38,37.5,Caribbean,British Virgin Islands,185000,2010
Seawind,1160,38.0,USA,Florida,329950,2010
Fountaine Pajot,Lipari 41,39.0,Caribbean,Martinique,297709,2010
Fountaine Pajot,Lipari 41,39.0,Caribbean,Martinique,297369,2010
Lagoon,400 Owners Version,39.0,Caribbean,Belize,285000,2010
Lagoon,400,39.0,Caribbean,Netherlands Antilles,275000,2010
Lagoon,400,39.0,Caribbean,British Virgin Islands,195000,2010
Lagoon,400,39.0,Europe,Turkey,279380,2010
Lagoon,400,39.0,Europe,Turkey,279162,2010
Fountaine Pajot,Lipari 41,39.0,Europe,Portugal,278887,2010
Lagoon,400,39.0,Europe,Greece,267233,2010
Lagoon,400,39.0,Europe,Greece,267025,2010
Fountaine Pajot,Lipari 41,39.0,Europe,France,218882,2010
Lagoon,400,39.0,Europe,Croatia,217486,2010
Lagoon,400,39.0,Europe,Croatia,217261,2010
Fountaine Pajot,Lavezzi 40,39.0,Europe,France,205506,2010
Fountaine Pajot,Lavezzi 40,39.0,Europe,France,205284,2010
Lagoon,421,42.0,Europe,Turkey,437734,2010
Lagoon,421,42.0,Europe,Italy,327968,2010
Lagoon,421,42.0,Europe,Italy,327712,2010
Lagoon,421,42.0,Europe,Greece,285231,2010
Fountaine Pajot,Orana 44,43.0,USA,Florida,390000,2010
Nautitech,441,44.0,Caribbean,Martinique,346188,2010
Nautitech,441,44.0,Caribbean,Martinique,345919,2010
Nautitech,441,44.0,Caribbean,Martinique,291527,2010
Nautitech,441,44.0,Caribbean,Martinique,291300,2010
Nautitech,441,44.0,Caribbean,Martinique,282000,2010
Nautitech,441,44.0,Caribbean,Guadeloupe,269724,2010
Nautitech,442 Owners Version,44.0,Europe,Croatia,437734,2010
Nautitech,442 Owners Version,44.0,Europe,Croatia,437231,2010
Antares,44i,44.0,USA,Florida,525000,2010
Antares,44i,44.0,USA,Florida,495000,2010
Lagoon,440,44.6,Caribbean,Guadeloupe,380000,2010
Lagoon,440,44.6,Caribbean,Saint-Martin,345000,2010
Lagoon,440,44.6,Caribbean,Sint Maarten (Dutch part),345000,2010
Lagoon,440,44.6,Europe,Spain,424812,2010
Lagoon,440,45.8,Europe,France,479431,2010
Leopard,46,46.0,Caribbean,Saint-Martin,415000,2010
Leopard,46,46.0,Caribbean,Grenada,335000,2010
Catana,47,47.0,Caribbean,Martinique,546813,2010
Catana,47,47.0,Caribbean,Martinique,545648,2010
Chris White,Atlantic 48,48.7,USA,Washington,565000,2010
Outremer,49,49.0,Europe,France,763449,2010
Voyage Yachts,500 Owner's Version,50.0,USA,Florida,595000,2010
Lagoon,500,51.0,Europe,Croatia,721467,2010
Lagoon,500,51.0,Europe,Turkey,589128,2010
Lagoon,500,51.0,Europe,Turkey,588087,2010
Lagoon,500,51.0,Europe,Croatia,576531,2010
Lagoon,500,51.0,Europe,Croatia,575961,2010
Leopard,39,37.5,USA,Florida,339000,2011
Leopard,39,37.5,USA,Florida,339000,2011
Lagoon,380,38.0,Europe,Greece,236447,2011
Broadblue,385,38.7,Caribbean,Grenada,210000,2011
Fountaine Pajot,Lipari 41,39.0,Caribbean,Martinique,218725,2011
Fountaine Pajot,Lipari 41,39.0,Europe,Italy,346563,2011
Fountaine Pajot,Lipari 41,39.0,Europe,Malta,302787,2011
Fountaine Pajot,Lipari 41,39.0,Europe,Turkey,267522,2011
Fountaine Pajot,Lipari 41,39.0,Europe,Turkey,266761,2011
Fountaine Pajot,Lipari 41,39.0,Europe,Turkey,266761,2011
Lagoon,400,39.0,Europe,Croatia,264804,2011
Lagoon,400,39.0,Europe,Croatia,264597,2011
Lagoon,400,39.0,Europe,Croatia,217486,2011
Lagoon,400,39.0,Europe,Croatia,217261,2011
Lagoon,400,39.0,Europe,Croatia,206095,2011
Fountaine Pajot,Lipari 41,39.0,Europe,Croatia,194562,2011
Fountaine Pajot,Lipari 41,39.0,Europe,Croatia,169026,2011
Lagoon,421,42.0,Europe,Portugal,333781,2011
Lagoon,421,42.0,Europe,Italy,297902,2011
Leopard,44,42.5,Caribbean,U.S. Virgin Islands,339000,2011
Leopard,44,42.5,Caribbean,Saint Kitts and Nevis,339000,2011
Leopard,44,42.5,Caribbean,U.S. Virgin Islands,339000,2011
Leopard,44,42.5,Caribbean,Saint Kitts and Nevis,339000,2011
Lagoon,42 Owners Version,42.5,Europe,Portugal,325000,2011
Lagoon,42 Owners Version,42.5,Europe,Portugal,325000,2011
Leopard,44,42.5,USA,Florida,459000,2011
Leopard,44,42.5,USA,Florida,459000,2011
Fountaine Pajot,Orana 44,43.0,Europe,Turkey,339850,2011
Nautitech,441,44.0,Caribbean,Martinique,279162,2011
Nautitech,441,44.0,Caribbean,Guadeloupe,255086,2011
Nautitech,441,44.0,Caribbean,Guadeloupe,254887,2011
Lagoon,450,45.8,Caribbean,U.S. Virgin Islands,475000,2011
Lagoon,450,45.8,Europe,France,533522,2011
Lagoon,450,45.8,Europe,Greece,516246,2011
Lagoon,450,45.8,Europe,Greece,515844,2011
Lagoon,450,45.8,Europe,France,510725,2011
Lagoon,450,45.8,Europe,France,510302,2011
Lagoon,450,45.8,Europe,France,510172,2011
Lagoon,450,45.8,Europe,Malta,479431,2011
Lagoon,450,45.8,Europe,Greece,472895,2011
Lagoon,450F,45.8,Europe,Turkey,462084,2011
Lagoon,450,45.8,Europe,Greece,448644,2011
Lagoon,450,45.8,Europe,Greece,407335,2011
Lagoon,450,45.8,Europe,Italy,389097,2011
Lagoon,450F,45.8,USA,Florida,499000,2011
Lagoon,450F,45.8,USA,Florida,499000,2011
Leopard,46,46.0,Caribbean,British Virgin Islands,126000,2011
Leopard,46,46.0,USA,Florida,480000,2011
Fountaine Pajot,Salina 48,47.0,Caribbean,Panama,450000,2011
Outremer,49,49.0,Caribbean,Grenada,601884,2011
Outremer,49,49.0,Europe,France,812664,2011
Outremer,49,49.0,Europe,France,811999,2011
Lagoon,500,51.0,Caribbean,U.S. Virgin Islands,499000,2011
Lagoon,500,51.0,Caribbean,U.S. Virgin Islands,443813,2011
Lagoon,380,38.0,USA,New York,292000,2012
Lagoon,39,38.4,Europe,Italy,310061,2012
Fountaine Pajot,Lipari 41,39.0,Caribbean,Guatemala,315000,2012
Lagoon,400,39.0,Caribbean,Martinique,241298,2012
Lagoon,400,39.0,Caribbean,Martinique,237000,2012
Lagoon,400,39.0,Caribbean,Martinique,234000,2012
Lagoon,400,39.0,Europe,Portugal,315575,2012
Lagoon,400,39.0,Europe,Greece,291300,2012
Lagoon,400,39.0,Europe,Greece,279162,2012
Lagoon,400,39.0,Europe,Croatia,241786,2012
Lagoon,400,39.0,Europe,Croatia,241536,2012
Lagoon,400,39.0,Europe,Croatia,241536,2012
Lagoon,400,39.0,Europe,Sweden,236681,2012
Alliaura,Feeling 39 DI,39.0,Europe,Netherlands,229578,2012
Lagoon,400,39.0,Europe,Croatia,218639,2012
Lagoon,421,41.0,Europe,Italy,369828,2012
Leopard,44,42.5,Caribbean,British Virgin Islands,350000,2012
Leopard,44,42.5,Caribbean,British Virgin Islands,350000,2012
Leopard,44,42.5,Caribbean,British Virgin Islands,315000,2012
Leopard,44,42.5,Europe,Greece,273094,2012
Fountaine Pajot,Helia 44,43.6,Europe,France,520699,2012
Fountaine Pajot,Helia 44,43.6,Europe,Greece,449893,2012
Fountaine Pajot,Helia 44,43.6,Europe,Greece,449438,2012
Antares,44i,44.0,USA,Florida,749000,2012
Lagoon,450,45.8,Caribbean,Martinique,442581,2012
Lagoon,450F,45.8,Caribbean,Martinique,435736,2012
Lagoon,450,45.8,Caribbean,Martinique,435020,2012
Lagoon,450,45.8,Caribbean,Martinique,434093,2012
Lagoon,450,45.8,Caribbean,Belize,400142,2012
Lagoon,450,45.8,Europe,Italy,486371,2012
Lagoon,450,45.8,Europe,Greece,486249,2012
Lagoon,450,45.8,Europe,Italy,474211,2012
Lagoon,450,45.8,Europe,Italy,473362,2012
Lagoon,450,45.8,Europe,France,472895,2012
Lagoon,450,45.8,Europe,Italy,449438,2012
Lagoon,450,45.8,Europe,Italy,449087,2012
Lagoon,450,45.8,Europe,Italy,448644,2012
Lagoon,450,45.8,Europe,France,411782,2012
Lagoon,450,45.8,Europe,France,411461,2012
Lagoon,450,45.8,Europe,Greece,400850,2012
Lagoon,450,45.8,Europe,Greece,400537,2012
Lagoon,450,45.8,Europe,Croatia,398420,2012
Lagoon,450,45.8,Europe,Croatia,398420,2012
Lagoon,450,45.8,Europe,Croatia,398110,2012
Lagoon,450,45.8,Europe,Croatia,397717,2012
Lagoon,450,45.8,Europe,Greece,388802,2012
Lagoon,450,45.8,Europe,Greece,388016,2012
Lagoon,450,45.8,Europe,Italy,376937,2012
Lagoon,450,45.8,Europe,Italy,376937,2012
Lagoon,450,45.8,Europe,Italy,376556,2012
Lagoon,450,45.8,Europe,Croatia,364778,2012
Lagoon,450,45.8,Europe,Croatia,364501,2012
Lagoon,450,45.8,Europe,Croatia,363587,2012
Lagoon,450,45.8,Europe,Croatia,362911,2012
Lagoon,450,45.8,Europe,Croatia,339267,2012
Lagoon,450,45.8,Europe,Croatia,338302,2012
Lagoon,450,45.8,USA,Florida,459950,2012
Fountaine Pajot,Salina 48,47.0,Caribbean,Panama,249000,2012
Fountaine Pajot,Salina 48,47.0,Europe,France,358056,2012
Lagoon,500,51.0,Caribbean,Antigua and Barbuda,499000,2012
Lagoon,500,51.0,Caribbean,Puerto Rico,499000,2012
Lagoon,500,51.0,Caribbean,Netherlands Antilles,465000,2012
Voyage Yachts,Voyage 520 DC,52.0,Caribbean,Barbados,675000,2012
Nautitech,542,53.5,Europe,Spain,790352,2012
Leopard,39,37.5,Europe,Turkey,364424,2013
Leopard,39,37.5,Europe,Turkey,364125,2013
Lagoon,39,38.4,Europe,Cyprus,303982,2013
Lagoon,39,38.4,Europe,Cyprus,303437,2013
Lagoon,39,38.4,Europe,Italy,297369,2013
Lagoon,400 S2,39.0,Caribbean,Martinique,285558,2013
Lagoon,400,39.0,Caribbean,Guadeloupe,278887,2013
Lagoon,400,39.0,Caribbean,British Virgin Islands,240000,2013
Lagoon,400,39.0,Europe,Italy,388400,2013
Lagoon,400,39.0,Europe,Italy,388400,2013
Fountaine Pajot,Lipari 41,39.0,Europe,Croatia,342763,2013
Lagoon,400 S2,39.0,Europe,Croatia,340115,2013
Lagoon,400,39.0,Europe,Croatia,339850,2013
Fountaine Pajot,Lipari 41,39.0,Europe,France,328323,2013
Lagoon,400,39.0,Europe,Greece,321895,2013
Lagoon,400,39.0,Europe,Greece,321644,2013
Lagoon,400 S2,39.0,Europe,Croatia,267197,2013
Lagoon,400,39.0,Europe,Croatia,267025,2013
Lagoon,400,39.0,Europe,Croatia,267025,2013
Fountaine Pajot,Lipari 41,39.0,Europe,Croatia,265811,2013
Lagoon,400,39.0,Europe,Croatia,242507,2013
Dolphin Ocema,Ocema 42,41.0,Europe,Portugal,273584,2013
Lagoon,421,42.0,Europe,Greece,423599,2013
Lagoon,421,42.0,Europe,Turkey,380579,2013
Dolphin Ocema,Ocema 42,42.0,Europe,Portugal,229900,2013
Leopard,44,42.5,Europe,Greece,302766,2013
Leopard,44,42.5,Europe,Greece,290606,2013
Fountaine Pajot,Helia 44,43.6,Caribbean,Martinique,362911,2013
Fountaine Pajot,Helia 44,43.6,Europe,Italy,534050,2013
Fountaine Pajot,Helia 44,43.6,Europe,Greece,479824,2013
Fountaine Pajot,Helia 44,43.6,Europe,Greece,443382,2013
Fountaine Pajot,Helia 44,43.6,Europe,Greece,443019,2013
Lagoon,450,44.6,Europe,Greece,424206,2013
Lagoon,450,45.8,Caribbean,Panama,540000,2013
Lagoon,450,45.8,Caribbean,British Virgin Islands,450000,2013
Lagoon,450F,45.8,Caribbean,British Virgin Islands,449000,2013
Lagoon,450F,45.8,Caribbean,Martinique,435306,2013
Lagoon,450,45.8,Caribbean,Bahamas,369000,2013
Lagoon,450,45.8,Caribbean,Martinique,358056,2013
Lagoon,450F,45.8,Caribbean,Martinique,347000,2013
Lagoon,450,45.8,Caribbean,Martinique,345000,2013
Lagoon,450,45.8,Caribbean,Martinique,345000,2013
Lagoon,450F,45.8,Europe,Croatia,618603,2013
Lagoon,450,45.8,Europe,Turkey,534050,2013
Lagoon,450,45.8,Europe,Greece,528393,2013
Lagoon,450,45.8,Europe,Greece,527981,2013
Lagoon,450,45.8,Europe,Turkey,521105,2013
Lagoon,450,45.8,Europe,Turkey,520184,2013
Lagoon,450,45.8,Europe,Spain,516246,2013
Lagoon,450,45.8,Europe,Spain,515844,2013
Lagoon,450 Owners Version,45.8,Europe,Greece,504610,2013
Lagoon,450F,45.8,Europe,France,462084,2013
Lagoon,450,45.8,Europe,Italy,461702,2013
Lagoon,450,45.8,Europe,Croatia,445907,2013
Lagoon,450,45.8,Europe,Croatia,445006,2013
Lagoon,450,45.8,Europe,Greece,424536,2013
Lagoon,450,45.8,Europe,Greece,419177,2013
Lagoon,450,45.8,Europe,Greece,418330,2013
Lagoon,450,45.8,Europe,France,400850,2013
Lagoon,450,45.8,Europe,Croatia,400850,2013
Lagoon,450,45.8,Europe,France,400537,2013
Lagoon,450,45.8,Europe,Croatia,400537,2013
Lagoon,450,45.8,Europe,Greece,383017,2013
Lagoon,450,45.8,Europe,Greece,382727,2013
Lagoon,450,45.8,Europe,Croatia,376556,2013
Lagoon,450,45.8,Europe,Croatia,376262,2013
Lagoon,450,45.8,USA,Florida,510000,2013
Fountaine Pajot,Salina 48,47.0,Europe,France,473732,2013
Fountaine Pajot,Salina 48,47.0,Europe,France,473362,2013
Fountaine Pajot,Salina 48,47.0,Europe,France,473362,2013
Leopard,48,48.0,Caribbean,British Virgin Islands,479000,2013
Leopard,48,48.0,Caribbean,British Virgin Islands,449000,2013
Leopard,48,48.0,Caribbean,British Virgin Islands,449000,2013
Leopard,48,48.0,Caribbean,British Virgin Islands,419000,2013
Lagoon,52,52.0,Caribbean,Martinique,838446,2013
Lagoon,52,52.0,Caribbean,Martinique,836660,2013
Lagoon,52F,52.0,Europe,Greece,947207,2013
Lagoon,52F,52.0,Europe,Greece,946725,2013
Lagoon,52,52.0,Europe,Greece,851149,2013
Lagoon,52,52.0,Europe,Croatia,802512,2013
Lagoon,52,52.0,Europe,Croatia,802512,2013
Lagoon,52F,52.0,Europe,Greece,789136,2013
Lagoon,52,52.0,USA,Florida,759000,2013
Nautitech,542,53.5,Caribbean,Saint-Martin,795000,2013
Leopard,39,37.5,Caribbean,Belize,245000,2014
Leopard,39,37.5,Caribbean,British Virgin Islands,110000,2014
Leopard,39,37.5,Caribbean,British Virgin Islands,105000,2014
Lagoon,380 Owners Version,38.0,Caribbean,Grenada,303138,2014
Lagoon,380,38.0,Caribbean,Martinique,255984,2014
Lagoon,380,38.0,Caribbean,British Virgin Islands,229000,2014
Lagoon,380 S2,38.0,Caribbean,Martinique,218725,2014
Lagoon,380,38.0,Caribbean,Martinique,218259,2014
Lagoon,380,38.0,Caribbean,Martinique,217261,2014
Lagoon,39,38.0,USA,Florida,264000,2014
Lagoon,39,38.4,Europe,Greece,388554,2014
Lagoon,39,38.4,Europe,France,334042,2014
Lagoon,39,38.4,Europe,Portugal,327968,2014
Lagoon,39,38.4,Europe,Portugal,327712,2014
Lagoon,39,38.4,Europe,Turkey,315263,2014
Lagoon,39,38.4,Europe,Croatia,260208,2014
Lagoon,39,38.4,Europe,Spain,241536,2014
Fountaine Pajot,Lipari 41,39.0,Caribbean,Grenada,345000,2014
Lagoon,400,39.0,Caribbean,Guadeloupe,269000,2014
Fountaine Pajot,Lipari 41,39.0,Caribbean,Martinique,235251,2014
Fountaine Pajot,Lipari 41,39.0,Caribbean,Martinique,234982,2014
Lagoon,400,39.0,Europe,Greece,361697,2014
Lagoon,400,39.0,Europe,Greece,358056,2014
Lagoon,400 S2,39.0,Europe,Greece,333996,2014
Lagoon,400,39.0,Europe,Greece,333781,2014
Lagoon,400,39.0,Europe,Greece,333781,2014
Lagoon,400 S2,39.0,Europe,Greece,327923,2014
Lagoon,400 S2,39.0,Europe,Greece,327923,2014
Lagoon,400 S2,39.0,Europe,Malta,327923,2014
Lagoon,400 S2,39.0,Europe,Greece,327923,2014
Lagoon,400 S2,39.0,Europe,Greece,327923,2014
Lagoon,400,39.0,Europe,Greece,327712,2014
Lagoon,400,39.0,Europe,Greece,327712,2014
Lagoon,400,39.0,Europe,Malta,327712,2014
Lagoon,400,39.0,Europe,Greece,327712,2014
Lagoon,400,39.0,Europe,Greece,327712,2014
Lagoon,400,39.0,Europe,Greece,327712,2014
Lagoon,400,39.0,Europe,France,321644,2014
Lagoon,400 S2,39.0,Europe,France,315778,2014
Lagoon,400 S2,39.0,Europe,France,315778,2014
Lagoon,400,39.0,Europe,France,315575,2014
Lagoon,400,39.0,Europe,France,315575,2014
Lagoon,400,39.0,Europe,France,315575,2014
Lagoon,400,39.0,Europe,Greece,309506,2014
Fountaine Pajot,Lipari 41,39.0,Europe,Italy,267522,2014
Nautitech,40 Open,39.5,Caribbean,Guadeloupe,291300,2014
Lagoon,421,42.0,Caribbean,Mexico,440000,2014
Lagoon,421,42.0,Europe,Greece,352619,2014
Lagoon,421,42.0,Europe,Greece,352214,2014
Lagoon,421,42.0,Europe,Greece,320000,2014
Lagoon,421,42.0,Europe,Greece,320000,2014
Leopard,44,42.5,Europe,Croatia,363145,2014
Leopard,44,42.5,Europe,Croatia,362911,2014
Leopard,44,42.5,Europe,Greece,314925,2014
Fountaine Pajot,Helia 44,43.6,USA,Florida,535000,2014
Lagoon,450,44.6,Europe,Italy,424812,2014
Lagoon,450F,45.8,Caribbean,British Virgin Islands,469000,2014
Lagoon,450,45.8,Caribbean,Antigua and Barbuda,449000,2014
Lagoon,450F,45.8,Caribbean,Martinique,400866,2014
Lagoon,450F,45.8,Caribbean,Martinique,400537,2014
Lagoon,450,45.8,Caribbean,Martinique,400142,2014
Lagoon,450F,45.8,Caribbean,Martinique,400142,2014
Lagoon,450,45.8,Caribbean,British Virgin Islands,400142,2014
Lagoon,450F,45.8,Caribbean,Guadeloupe,399324,2014
Lagoon,450,45.8,Europe,Greece,557773,2014
Lagoon,450,45.8,Europe,Greece,557773,2014
Lagoon,450,45.8,Europe,Croatia,546539,2014
Lagoon,450,45.8,Europe,Croatia,545648,2014
Lagoon,450,45.8,Europe,Greece,522319,2014
Lagoon,450,45.8,Europe,Greece,521397,2014
Lagoon,450,45.8,Europe,France,518675,2014
Lagoon,450,45.8,Europe,France,517759,2014
Lagoon,450F,45.8,Europe,Greece,510689,2014
Lagoon,450F,45.8,Europe,Greece,510302,2014
Lagoon,450,45.8,Europe,Greece,498530,2014
Lagoon,450,45.8,Europe,Greece,497146,2014
Lagoon,450,45.8,Europe,Croatia,484598,2014
Lagoon,450,45.8,Europe,Croatia,483808,2014
Lagoon,450,45.8,Europe,Croatia,472420,2014
Lagoon,450,45.8,Europe,Croatia,472029,2014
Lagoon,450,45.8,Europe,Turkey,462000,2014
Lagoon,450,45.8,Europe,Italy,424393,2014
Lagoon,450 Owners Version,45.8,USA,Florida,499000,2014
Fountaine Pajot,Salina 48 Evolution,47.0,Caribbean,Martinique,565040,2014
Fountaine Pajot,Salina 48,47.0,Caribbean,Martinique,563836,2014
Fountaine Pajot,Salina 48,47.0,USA,Florida,485000,2014
Leopard,48,48.0,Caribbean,British Virgin Islands,455000,2014
Leopard,48,48.0,Caribbean,British Virgin Islands,449000,2014
Leopard,48,48.0,Caribbean,British Virgin Islands,429000,2014
Leopard,48 Crewed Version,48.0,Caribbean,British Virgin Islands,400000,2014
Leopard,48,48.0,Europe,Croatia,472149,2014
Leopard,48,48.0,Europe,Croatia,472149,2014
Fountaine Pajot,SABA 50,49.0,Caribbean,Martinique,589724,2014
Fountaine Pajot,SABA 50,49.0,Caribbean,Guadeloupe,571486,2014
Lagoon,52F,52.0,Europe,Greece,1033538,2014
Lagoon,52,52.0,Europe,Croatia,1003140,2014
Lagoon,52,52.0,Europe,Croatia,1003140,2014
Lagoon,52,52.0,Europe,Italy,997060,2014
Lagoon,52,52.0,Europe,Turkey,972741,2014
Lagoon,52,52.0,Europe,France,972741,2014
Lagoon,52,52.0,Europe,Croatia,753875,2014
Lagoon,52,52.0,USA,Texas,799000,2014
Nautitech,542,53.5,Europe,Italy,1185529,2014
Privilege,Series 5,56.0,Caribbean,Grenada,899000,2014
Leopard,39,37.5,Europe,Croatia,265549,2015
Lagoon,380,38.0,Caribbean,Martinique,218259,2015
Lagoon,380,38.0,Europe,Italy,242510,2015
Lagoon,380,38.0,Europe,Croatia,220078,2015
Lagoon,39,38.4,Caribbean,Martinique,333556,2015
Lagoon,39,38.4,Caribbean,Martinique,333174,2015
Lagoon,39,38.4,Caribbean,Martinique,267025,2015
Lagoon,39,38.4,Caribbean,Guadeloupe,265811,2015
Lagoon,39,38.4,Europe,Turkey,401256,2015
Lagoon,39,38.4,Europe,Spain,334380,2015
Lagoon,39,38.4,Europe,France,327389,2015
Lagoon,39,38.4,Europe,France,303982,2015
Lagoon,39,38.4,Europe,Greece,303982,2015
Lagoon,39,38.4,Europe,France,303437,2015
Lagoon,39,38.4,Europe,Turkey,279663,2015
Lagoon,39,38.4,Europe,France,279380,2015
Lagoon,39,38.4,Europe,France,279162,2015
Fountaine Pajot,Lipari 41,39.0,Caribbean,Martinique,267025,2015
Leopard,Sunsail 404,39.0,Caribbean,British Virgin Islands,95000,2015
Lagoon,400,39.0,Europe,Croatia,338636,2015
Lagoon,400,39.0,Europe,Greece,310083,2015
Lagoon,400,39.0,Europe,Italy,303674,2015
Lagoon,400,39.0,Europe,Italy,303674,2015
Lagoon,400,39.0,Europe,Italy,303437,2015
Lagoon,400,39.0,Europe,Italy,303437,2015
Nautitech,40 Open,39.5,Europe,Greece,418744,2015
Nautitech,40 Open,39.5,Europe,France,388400,2015
Nautitech,40 Open,39.5,Europe,Spain,382210,2015
Nautitech,Open 40,39.5,Europe,Spain,364424,2015
Nautitech,40 Open,39.5,Europe,Spain,363765,2015
Nautitech,40 Open,39.5,Europe,France,352214,2015
Nautitech,40 Open,39.5,Europe,France,351987,2015
Nautitech,40 Open,39.5,Europe,Croatia,315575,2015
Bali,4.0,40.0,Europe,France,425604,2015
Bali,4.0,40.0,Europe,France,425144,2015
Seawind,1250,41.0,Caribbean,Mexico,455000,2015
Lagoon,421,42.0,Caribbean,Martinique,363562,2015
Lagoon,421,42.0,Caribbean,Martinique,363145,2015
Lagoon,421,42.0,Caribbean,Belize,340459,2015
Lagoon,421,42.0,Caribbean,Belize,340069,2015
Bali,4.3,42.0,Europe,Spain,455973,2015
Leopard,44,42.5,Caribbean,Belize,359000,2015
Leopard,44,42.5,Caribbean,British Virgin Islands,349000,2015
Leopard,44,42.5,Caribbean,Bahamas,339999,2015
Leopard,44,42.5,Caribbean,British Virgin Islands,339000,2015
Leopard,44,42.5,Caribbean,British Virgin Islands,339000,2015
Leopard,44,42.5,Caribbean,British Virgin Islands,329000,2015
Leopard,44,42.5,Caribbean,British Virgin Islands,329000,2015
Leopard,44,42.5,Europe,Greece,338636,2015
Leopard,44,42.5,USA,Florida,569000,2015
Leopard,44,42.5,USA,Florida,569000,2015
Leopard,44,42.5,USA,Florida,567000,2015
Leopard,44,42.5,USA,Florida,567000,2015
Bali,4.3,43.0,Europe,Turkey,519000,2015
Bali,4.3,43.0,Europe,Spain,455449,2015
Bali,4.3,43.0,USA,Florida,449000,2015
Fountaine Pajot,Helia 44,43.6,Caribbean,Grenada,559900,2015
Fountaine Pajot,Helia 44,43.6,Caribbean,Martinique,473362,2015
Fountaine Pajot,Helia 44,43.6,Caribbean,Martinique,443526,2015
Fountaine Pajot,Helia 44,43.6,Caribbean,Martinique,443019,2015
Fountaine Pajot,Helia 44 Maestro,43.6,Europe,Netherlands,544974,2015
Fountaine Pajot,Helia 44,43.6,Europe,Italy,510689,2015
Fountaine Pajot,Helia 44,43.6,Europe,France,510689,2015
Fountaine Pajot,Helia 44,43.6,Europe,Italy,509775,2015
Fountaine Pajot,Helia 44,43.6,Europe,Bulgaria,484286,2015
Fountaine Pajot,Helia 44,43.6,Europe,Spain,480291,2015
Fountaine Pajot,Helia 44,43.6,Europe,Spain,479310,2015
Bali,4.5,44.6,Europe,France,510689,2015
Bali,4.5,44.6,Europe,Greece,455973,2015
Bali,4.5,44.6,Europe,Greece,455627,2015
Bali,4.5,44.6,Europe,Greece,454706,2015
Outremer,45,45.0,Europe,France,825350,2015
Lagoon,450,45.8,Caribbean,Grenada,499000,2015
Lagoon,450,45.8,Caribbean,British Virgin Islands,495000,2015
Lagoon,450,45.8,Caribbean,Netherlands Antilles,480000,2015
Lagoon,450,45.8,Caribbean,Guadeloupe,437308,2015
Lagoon,450,45.8,Caribbean,Guadeloupe,436950,2015
Lagoon,450,45.8,Caribbean,Martinique,400142,2015
Lagoon,450,45.8,Europe,Croatia,557470,2015
Lagoon,450,45.8,Europe,Croatia,556561,2015
Lagoon,450,45.8,Europe,Greece,546539,2015
Lagoon,450,45.8,Europe,Greece,545648,2015
Lagoon,450,45.8,Europe,Greece,522848,2015
Lagoon,450,45.8,Europe,Croatia,516769,2015
Lagoon,450S,45.8,Europe,France,516769,2015
Lagoon,450s,45.8,Europe,France,516246,2015
Lagoon,450S,45.8,Europe,France,515844,2015
Lagoon,450,45.8,Europe,Greece,510302,2015
Lagoon,450,45.8,Europe,Greece,510103,2015
Lagoon,450,45.8,Europe,Greece,509271,2015
Lagoon,450S,45.8,Europe,France,504030,2015
Lagoon,450S,45.8,Europe,France,503208,2015
Lagoon,450,45.8,Europe,Italy,486404,2015
Lagoon,450,45.8,Europe,Italy,486371,2015
Lagoon,450,45.8,Europe,Greece,485879,2015
Lagoon,450,45.8,Europe,Greece,485500,2015
Lagoon,450,45.8,Europe,Greece,483383,2015
Lagoon,450,45.8,Europe,Greece,482595,2015
Lagoon,450F,45.8,Europe,Greece,479927,2015
Lagoon,450F,45.8,Europe,Greece,478957,2015
Lagoon,450F,45.8,Europe,Greece,474211,2015
Lagoon,450,45.8,Europe,Croatia,473667,2015
Lagoon,450,45.8,Europe,Croatia,472895,2015
Lagoon,450,45.8,Europe,Greece,465165,2015
Lagoon,450,45.8,Europe,Greece,464407,2015
Lagoon,450,45.8,Europe,Greece,455973,2015
Lagoon,450,45.8,Europe,Greece,455973,2015
Lagoon,450,45.8,Europe,Greece,455627,2015
Lagoon,450F,45.8,Europe,Greece,448677,2015
Lagoon,450,45.8,Europe,Greece,430455,2015
Leopard,48,48.0,Caribbean,Saint Lucia,499000,2015
Leopard,48,48.0,Caribbean,Saint Lucia,439000,2015
Leopard,48,48.0,Caribbean,British Virgin Islands,149000,2015
Leopard,48,48.0,Europe,Croatia,508561,2015
Leopard,48,48.0,Europe,Greece,508561,2015
Fountaine Pajot,SABA 50,49.0,Caribbean,Martinique,601884,2015
Fountaine Pajot,SABA 50,49.0,Caribbean,Martinique,589724,2015
Fountaine Pajot,SABA 50,49.0,Caribbean,Martinique,589343,2015
Fountaine Pajot,SABA 50 Maestro,49.0,Europe,Italy,1055962,2015
Fountaine Pajot,SABA 50,49.0,Europe,Spain,910312,2015
Fountaine Pajot,SABA 50,49.0,Europe,France,843556,2015
Fountaine Pajot,SABA 50,49.0,USA,Florida,765000,2015
Voyage Yachts,Voyage 480,50.0,Caribbean,British Virgin Islands,617000,2015
Lagoon,52F,52.0,Caribbean,Martinique,836660,2015
Lagoon,52F,52.0,Caribbean,Guadeloupe,776032,2015
Lagoon,52F,52.0,Europe,Greece,1100414,2015
Lagoon,52,52.0,Europe,Greece,1094334,2015
Lagoon,52,52.0,Europe,Greece,1093227,2015
Lagoon,52,52.0,Europe,Greece,1033538,2015
Lagoon,52,52.0,Europe,Greece,1033538,2015
Lagoon,52F,52.0,Europe,Greece,1033538,2015
Lagoon,52F,52.0,Europe,Greece,1032492,2015
Lagoon,52F,52.0,Europe,Croatia,911945,2015
Lagoon,52F,52.0,Europe,Croatia,911022,2015
Lagoon,52,52.0,Europe,France,838989,2015
Lagoon,52,52.0,Europe,France,838140,2015
Lagoon,52,52.0,USA,California,949000,2015
Privilege,Series 5,56.0,USA,Florida,1200000,2015
Privilege,Series 5,56.0,USA,Florida,999000,2015
Lagoon,380,38.0,Caribbean,Martinique,210000,2016
Lagoon,380,38.0,Caribbean,Netherlands Antilles,149000,2016
Lagoon,39,38.0,USA,Florida,335000,2016
Lagoon,39,38.4,Caribbean,Mexico,399000,2016
Lagoon,39,38.4,Caribbean,Martinique,327591,2016
Lagoon,39,38.4,Caribbean,Martinique,267331,2016
Lagoon,39,38.4,Europe,Greece,312493,2016
Leopard,40,39.0,Caribbean,Grenada,365000,2016
Lagoon,400,39.0,Caribbean,Bahamas,340000,2016
Lagoon,400 S2,39.0,Caribbean,Bahamas,340000,2016
Leopard,40,39.0,Caribbean,Belize,329000,2016
Leopard,40,39.0,Caribbean,Belize,329000,2016
Leopard,40,39.0,Caribbean,Saint Lucia,319000,2016
Leopard,40,39.0,Europe,Italy,460769,2016
Lagoon,400,39.0,Europe,France,455156,2016
Lagoon,400,39.0,Europe,France,454706,2016
Lagoon,400 S2,39.0,Europe,Turkey,400850,2016
Lagoon,400,39.0,Europe,Turkey,400537,2016
Lagoon,400,39.0,Europe,Greece,364125,2016
Fountaine Pajot,Lucia 40,39.0,Europe,Croatia,363765,2016
Lagoon,400,39.0,Europe,Greece,358056,2016
Lagoon,400 S2,39.0,Europe,Greece,327968,2016
Lagoon,400,39.0,Europe,Greece,327712,2016
Lagoon,400 S2,39.0,Europe,Croatia,326753,2016
Lagoon,400,39.0,Europe,Croatia,326499,2016
Lagoon,400 S2,39.0,Europe,Italy,315821,2016
Lagoon,400,39.0,Europe,Italy,315575,2016
Lagoon,400,39.0,Europe,Croatia,309506,2016
Lagoon,400,39.0,USA,Florida,429000,2016
Fountaine Pajot,Lucia 40,39.0,USA,Massachusetts,395000,2016
Nautitech,40 Open,39.5,Caribbean,British Virgin Islands,380000,2016
Nautitech,40 Open,39.5,Europe,Croatia,475638,2016
Nautitech,40 Open,39.5,Europe,Greece,376262,2016
Nautitech,40 Open,39.5,Europe,Croatia,345919,2016
Nautitech,40 Open,39.5,Europe,Croatia,345919,2016
Nautitech,40,39.5,Europe,Croatia,345919,2016
Bali,4.0,40.0,Caribbean,Grenada,314361,2016
Bali,4.0,40.0,Europe,Greece,395204,2016
Bali,4.0,40.0,Europe,Greece,357702,2016
Bali,4.0,40.0,Europe,Greece,348995,2016
Chris White,MastFoil 40,40.0,USA,Florida,295000,2016
Bali,4.1,41.0,Europe,Greece,388650,2016
Bali,4.1,41.0,Europe,Greece,388400,2016
Maine Cat,41,41.6,USA,Florida,499900,2016
Bali,4.3,42.0,Europe,Greece,462052,2016
Lagoon,421,42.0,Europe,Croatia,460370,2016
Lagoon,421,42.0,Europe,Croatia,460011,2016
Lagoon,42,42.5,Caribbean,Dominican Republic,515334,2016
Lagoon,42,42.5,Caribbean,Grenada,464500,2016
Leopard,44,42.5,Caribbean,British Virgin Islands,389000,2016
Leopard,44,42.5,Caribbean,Bahamas,239999,2016
Lagoon,42,42.5,Europe,Italy,515844,2016
Lagoon,42,42.5,Europe,Italy,515844,2016
Lagoon,42,42.5,Europe,Italy,473362,2016
Lagoon,42,42.5,Europe,Spain,461585,2016
Lagoon,42,42.5,Europe,Spain,460769,2016
Bali,4.3,43.0,Caribbean,Saint-Martin,415000,2016
Bali,4.3,43.0,Europe,Spain,485155,2016
Bali,4.3,43.0,Europe,Greece,480291,2016
Fountaine Pajot,Helia 44,43.6,Caribbean,U.S. Virgin Islands,582000,2016
Fountaine Pajot,Helia 44 Evolution,43.6,Caribbean,U.S. Virgin Islands,582000,2016
Fountaine Pajot,Helia 44,43.6,Europe,France,625569,2016
Fountaine Pajot,Helia 44,43.6,Europe,Belgium,595804,2016
Fountaine Pajot,Helia 44,43.6,USA,Maryland,589000,2016
Fountaine Pajot,Helia 44,43.6,USA,Florida,399000,2016
Fountaine Pajot,Helia 44,43.6,USA,Florida,399000,2016
Bali,4.5,44.6,Europe,Spain,363154,2016
Nautitech,46 Fly,45.0,Caribbean,British Virgin Islands,519000,2016
Lagoon,450,45.8,Caribbean,Mexico,650000,2016
Lagoon,450,45.8,Caribbean,Puerto Rico,495000,2016
Lagoon,450F,45.8,Europe,Italy,546187,2016
Lagoon,450F,45.8,Europe,Italy,521912,2016
Lagoon,450F,45.8,Europe,Greece,516769,2016
Lagoon,450,45.8,Europe,Italy,510689,2016
Lagoon,450F,45.8,Europe,Greece,510689,2016
Lagoon,450F,45.8,Europe,Greece,509271,2016
Lagoon,450,45.8,Europe,Greece,498152,2016
Lagoon,450F,45.8,Europe,Greece,497146,2016
Lagoon,450F,45.8,Europe,Italy,474211,2016
Lagoon,450F,45.8,Europe,Greece,472895,2016
Lagoon,45F,45.8,Europe,Greece,472895,2016
Leopard,48,48.0,Caribbean,British Virgin Islands,465000,2016
Leopard,48 Crewed Version,48.0,Caribbean,British Virgin Islands,465000,2016
Leopard,48,48.0,Caribbean,British Virgin Islands,459000,2016
Leopard,48,48.0,Caribbean,Bahamas,339999,2016
Fountaine Pajot,SABA 50,49.0,Caribbean,Saint-Martin,735636,2016
Fountaine Pajot,SABA 50,49.0,Caribbean,Guadeloupe,667544,2016
Fountaine Pajot,SABA 50,49.0,Caribbean,Martinique,601884,2016
Fountaine Pajot,SABA 50,49.0,Caribbean,Martinique,595804,2016
Fountaine Pajot,SABA 50,49.0,Caribbean,British Virgin Islands,595000,2016
Fountaine Pajot,SABA 50 Maestro,49.0,Europe,Spain,922450,2016
Fountaine Pajot,SABA 50,49.0,Europe,Greece,825350,2016
Lagoon,52,52.0,Caribbean,Martinique,836660,2016
Lagoon,52F,52.0,Caribbean,Panama,690000,2016
Lagoon,52,52.0,Caribbean,Grenada,627812,2016
Lagoon,52,52.0,Europe,France,924104,2016
Lagoon,52,52.0,Europe,France,923169,2016
Lagoon,52,52.0,Europe,France,843556,2016
Lagoon,52,52.0,Europe,France,840000,2016
Dix Harvey,DH550,55.0,Europe,Spain,845069,2016
Dix Harvey,DH550,55.0,Europe,Spain,845069,2016
Dix Harvey,DH550,55.0,Europe,Portugal,845069,2016
Lagoon,39,38.4,Europe,Greece,358335,2017
Lagoon,39,38.4,Europe,Greece,357702,2017
Lagoon,39,38.4,Europe,Croatia,333781,2017
Lagoon,39,38.4,Europe,Italy,297369,2017
Lagoon,40,38.5,Europe,Spain,382331,2017
Leopard,40,39.0,Caribbean,Bahamas,209999,2017
Lagoon,400,39.0,Europe,Sweden,511198,2017
Fountaine Pajot,Lucia 40,39.0,Europe,France,497637,2017
Fountaine Pajot,Lucia 40,39.0,Europe,Greece,473732,2017
Fountaine Pajot,Lucia 40,39.0,Europe,Greece,473362,2017
Lagoon,400,39.0,Europe,Greece,455156,2017
Lagoon,400 S2,39.0,Europe,Greece,388703,2017
Lagoon,400,39.0,Europe,Greece,388400,2017
Fountaine Pajot,Lucia 40,39.0,Europe,Croatia,363765,2017
Fountaine Pajot,Lucia 40,39.0,Europe,Croatia,363765,2017
Lagoon,400,39.0,Europe,Croatia,362911,2017
Fountaine Pajot,Lucia 40 Owner's Version,39.0,USA,Florida,495000,2017
Seawind,1190 Sport,39.0,USA,Washington,400000,2017
Seawind,1190 Sport,39.0,USA,Washington,400000,2017
Nautitech,40 Open,39.5,Europe,France,479431,2017
Nautitech,40 Open,40.0,USA,Rhode Island,398000,2017
Bali,4.3,42.0,Europe,Greece,452325,2017
Lagoon,42,42.5,Caribbean,Martinique,558110,2017
Lagoon,42,42.5,Caribbean,Martinique,557470,2017
Lagoon,42,42.5,Caribbean,Martinique,522848,2017
Lagoon,42,42.5,Caribbean,Martinique,522510,2017
Lagoon,42,42.5,Europe,Spain,547167,2017
Lagoon,42 Owners Version,42.5,Europe,Spain,546613,2017
Lagoon,42,42.5,Europe,Spain,546613,2017
Lagoon,42 Owners Version,42.5,Europe,Spain,545648,2017
Lagoon,42,42.5,Europe,Turkey,545648,2017
Lagoon,42,42.5,Europe,Turkey,544184,2017
Lagoon,42,42.5,Europe,Turkey,543760,2017
Lagoon,42,42.5,Europe,Greece,534050,2017
Lagoon,42,42.5,Europe,France,534050,2017
Lagoon,42,42.5,Europe,Croatia,516246,2017
Lagoon,42,42.5,Europe,Croatia,515844,2017
Lagoon,42,42.5,Europe,Greece,510689,2017
Lagoon,42,42.5,Europe,Greece,510172,2017
Lagoon,42,42.5,Europe,Greece,509775,2017
Lagoon,42,42.5,Europe,Greece,480291,2017
Lagoon,42,42.5,Europe,Greece,479805,2017
Lagoon,42,42.5,Europe,Greece,479431,2017
Lagoon,42,42.5,Europe,Greece,479431,2017
Lagoon,42,42.5,Europe,Croatia,473732,2017
Lagoon,42,42.5,Europe,Croatia,473362,2017
Lagoon,42,42.5,Europe,Greece,472895,2017
Lagoon,42,42.5,Europe,Croatia,461225,2017
Lagoon,42,42.5,Europe,Croatia,459620,2017
Lagoon,42,42.5,Europe,Croatia,459155,2017
Lagoon,42,42.5,Europe,Croatia,458344,2017
Lagoon,42,42.5,Europe,Greece,458344,2017
Lagoon,42,42.5,Europe,Malta,425144,2017
Lagoon,42,42.5,Europe,Greece,423599,2017
Lagoon,42,42.5,Europe,Greece,413415,2017
Lagoon,42,42.5,Europe,Greece,398420,2017
Lagoon,42,42.5,Europe,Greece,398110,2017
Lagoon,42,42.5,Europe,Greece,394776,2017
Lagoon,42,42.5,Europe,Greece,394469,2017
Lagoon,42,42.5,Europe,Greece,394079,2017
Lagoon,42,42.5,Europe,Greece,389097,2017
Lagoon,42,42.5,Europe,Greece,381953,2017
Lagoon,42,42.5,USA,North Carolina,545000,2017
Lagoon,42,42.5,USA,North Carolina,545000,2017
Bali,4.3,43.0,Europe,Greece,449087,2017
Fountaine Pajot,Helia 44,43.6,Caribbean,British Virgin Islands,540000,2017
Fountaine Pajot,Helia 44,43.6,Caribbean,British Virgin Islands,529000,2017
Fountaine Pajot,Helia 44,43.6,USA,Florida,450000,2017
Bali,4.5,44.6,Europe,Italy,601884,2017
Bali,4.5,44.6,Europe,Italy,601275,2017
Bali,4.5,44.6,Europe,Greece,426790,2017
Bali,4.5,44.6,Europe,Greece,350908,2017
Nautitech,46 open,45.0,Caribbean,Guatemala,589343,2017
Nautitech,46 Open,45.0,Caribbean,Guatemala,589151,2017
Nautitech,46 Open,45.0,Caribbean,Guatemala,588669,2017
Nautitech,46 Open,45.0,Caribbean,Guatemala,588087,2017
Nautitech,46 Fly,45.0,Caribbean,British Virgin Islands,519000,2017
Nautitech,46 Fly,45.0,Europe,Greece,662010,2017
Nautitech,46 Fly,45.0,Europe,Greece,661494,2017
Nautitech,46 Open,45.0,Europe,Greece,607348,2017
Nautitech,46 Open,45.0,Europe,Greece,606875,2017
Nautitech,46 Open,45.0,Europe,Greece,594737,2017
Nautitech,46 Fly,45.0,Europe,Croatia,525317,2017
Nautitech,46 Fly,45.0,Europe,Croatia,523822,2017
Leopard,45,45.0,Europe,Turkey,449000,2017
Leopard,45,45.0,Europe,Turkey,449000,2017
Lagoon,450F,45.8,Caribbean,Aruba,680000,2017
Lagoon,450F,45.8,Caribbean,U.S. Virgin Islands,599000,2017
Lagoon,450,45.8,Caribbean,British Virgin Islands,529000,2017
Lagoon,450F,45.8,Europe,Croatia,791947,2017
Lagoon,450F,45.8,Europe,Croatia,785793,2017
Lagoon,450S,45.8,Europe,Portugal,600000,2017
Lagoon,450S,45.8,Europe,Portugal,600000,2017
Lagoon,450,45.8,Europe,Portugal,582600,2017
Lagoon,450S,45.8,Europe,France,582024,2017
Lagoon,450S,45.8,Europe,Spain,582024,2017
Lagoon,450F,45.8,Europe,Croatia,571486,2017
Lagoon,450F,45.8,Europe,Croatia,570830,2017
Lagoon,450F,45.8,Europe,Croatia,569899,2017
Lagoon,450F,45.8,Europe,Croatia,569899,2017
Lagoon,450F,45.8,Europe,Croatia,541087,2017
Lagoon,450F,45.8,Europe,Croatia,540677,2017
Lagoon,450F,45.8,Europe,Italy,509775,2017
Lagoon,450,45.8,Europe,Croatia,484664,2017
Lagoon,450,45.8,Europe,Croatia,483808,2017
Bali,4.6,46.85,Europe,Spain,314051,2017
Leopard,48,48.0,Caribbean,Bahamas,379999,2017
Leopard,48,48.0,Caribbean,British Virgin Islands,195000,2017
Leopard,48,48.0,Europe,Turkey,479999,2017
Leopard,48,48.0,Europe,Turkey,479999,2017
Fountaine Pajot,SABA 50,49.0,Caribbean,U.S. Virgin Islands,1039617,2017
Lagoon,52F,52.0,Caribbean,U.S. Virgin Islands,1100000,2017
Lagoon,52,52.0,Caribbean,U.S. Virgin Islands,995000,2017
Lagoon,52,52.0,Europe,Turkey,1155130,2017
Lagoon,52F,52.0,Europe,Sweden,547167,2017
Lagoon,52F,52.0,Europe,Croatia,480291,2017
Lagoon,52F,52.0,Europe,Croatia,479805,2017
Lagoon,52,52.0,USA,Florida,1045000,2017
Privilege,Series 5,56.0,Caribbean,Guadeloupe,1094334,2017
Lagoon,380,38.0,Caribbean,Grenada,330000,2018
Lagoon,40,38.5,Europe,Spain,498530,2018
Lagoon,40,38.5,Europe,Spain,498026,2018
Lagoon,40,38.5,Europe,France,451515,2018
Lagoon,40,38.5,Europe,Croatia,431654,2018
Lagoon,40,38.5,Europe,Croatia,431217,2018
Lagoon,40,38.5,Europe,Spain,411782,2018
Lagoon,40,38.5,Europe,Spain,411055,2018
Lagoon,40,38.5,Europe,Spain,385427,2018
Leopard,40,39.0,Caribbean,U.S. Virgin Islands,489000,2018
Fountaine Pajot,Lucia 40,39.0,Europe,Spain,457738,2018
Fountaine Pajot,Lucia 40,39.0,Europe,Spain,449087,2018
Fountaine Pajot,Lucia 40,39.0,Europe,Greece,398929,2018
Lagoon,400,39.0,Europe,Italy,364359,2018
Lagoon,400,39.0,Europe,Italy,363765,2018
Nautitech,40 Open,39.5,Caribbean,Martinique,455529,2018
Nautitech,40 Open,39.5,Caribbean,Martinique,454706,2018
Nautitech,40 Open,39.5,Europe,France,449438,2018
Nautitech,40 Open,39.5,Europe,Turkey,449087,2018
Nautitech,40 Open,39.5,Europe,France,449087,2018
Nautitech,40,39.5,Europe,France,443019,2018
Bali,4.0,40.0,Europe,Italy,316163,2018
Bali,4.0,40.0,USA,Florida,449000,2018
Bali,4.1,41.0,Europe,Italy,497958,2018
Bali,4.1,41.0,Europe,Italy,497146,2018
Bali,4.1,41.0,Europe,Spain,424393,2018
Bali,4.1,41.0,Europe,Greece,406606,2018
Bali,4.1,41.0,Europe,Croatia,387664,2018
Seawind,1260,41.0,USA,Florida,595000,2018
Seawind,1260,41.0,USA,Florida,595000,2018
Lagoon,42,42.5,Caribbean,Martinique,522848,2018
Lagoon,42,42.5,Caribbean,Martinique,522248,2018
Lagoon,42,42.5,Caribbean,Martinique,485155,2018
Lagoon,42 Owners Version,42.5,Caribbean,Martinique,484286,2018
Lagoon,42,42.5,Europe,Spain,557060,2018
Lagoon,42,42.5,Europe,Spain,556076,2018
Lagoon,42,42.5,Europe,Greece,540119,2018
Lagoon,42,42.5,Europe,Croatia,516246,2018
Lagoon,42,42.5,Europe,Croatia,515844,2018
Lagoon,42,42.5,Europe,Croatia,515334,2018
Lagoon,42,42.5,Europe,Greece,509775,2018
Lagoon,42,42.5,Europe,Greece,480291,2018
Lagoon,42,42.5,Europe,Greece,479431,2018
Lagoon,42,42.5,Europe,France,460836,2018
Lagoon,42,42.5,Europe,France,460370,2018
Lagoon,42,42.5,Europe,Greece,449087,2018
Bali,4.3,43.0,Europe,Italy,547167,2018
Bali,4.3,43.0,Europe,Italy,546613,2018
Bali,4.3 LOFT,43.0,USA,Maryland,549000,2018
Antares,44GS,44.0,USA,California,910000,2018
Nautitech,46 Open,45.0,Europe,Croatia,775274,2018
Nautitech,46 Fly,45.0,Europe,Greece,656646,2018
Nautitech,46 Open,45.0,Europe,Spain,613367,2018
Nautitech,46 Open,45.0,Europe,France,547205,2018
Nautitech,46 Open,45.0,Europe,Greece,535045,2018
Fountaine Pajot,Saona 47,45.7,Europe,Turkey,789553,2018
Fountaine Pajot,Saona 47,45.7,Europe,Turkey,788158,2018
Fountaine Pajot,Saona 47,45.7,Europe,Greece,778247,2018
Fountaine Pajot,Saona 47,45.7,Europe,Greece,778247,2018
Fountaine Pajot,Saona 47,45.7,Europe,Greece,778247,2018
Fountaine Pajot,Saona 47,45.7,Europe,Greece,777300,2018
Fountaine Pajot,Saona 47,45.7,USA,Florida,828000,2018
Fountaine Pajot,Saona 47,45.7,USA,Florida,828000,2018
Lagoon,450F,45.8,Caribbean,Dominican Republic,619012,2018
Lagoon,450F,45.8,Caribbean,Antigua and Barbuda,575000,2018
Lagoon,450,45.8,Caribbean,British Virgin Islands,549000,2018
Lagoon,450S,45.8,Caribbean,Puerto Rico,545000,2018
Lagoon,450F,45.8,Europe,Greece,601275,2018
Lagoon,450,45.8,Europe,Greece,601193,2018
Lagoon,450,45.8,Europe,Greece,600212,2018
Lagoon,450,45.8,Europe,Greece,600212,2018
Lagoon,450F,45.8,Europe,Croatia,577127,2018
Lagoon,450F,45.8,Europe,Croatia,575961,2018
Lagoon,450F,45.8,Europe,Croatia,546539,2018
Lagoon,450F,45.8,Europe,Croatia,545648,2018
Lagoon,450F,45.8,Europe,Italy,535008,2018
Lagoon,450F,45.8,Europe,Italy,522319,2018
Lagoon,450F,45.8,Europe,Italy,521397,2018
Lagoon,450,45.8,Europe,Greece,516176,2018
Lagoon,450,45.8,Europe,Greece,515334,2018
Lagoon,450S,45.8,USA,Florida,649900,2018
Lagoon,450S,45.8,USA,Florida,649900,2018
Lagoon,50,48.0,Europe,Italy,874616,2018
Lagoon,50,48.0,Europe,Italy,873900,2018
Lagoon,50,48.0,Europe,Greece,788937,2018
Chris White,Atlantic 49MF,48.7,USA,Florida,990000,2018
Fountaine Pajot,SABA 50,49.0,Europe,Croatia,934587,2018
Fountaine Pajot,SABA 50,49.0,Europe,Croatia,934587,2018
Fountaine Pajot,SABA 50,49.0,Europe,Italy,910312,2018
Fountaine Pajot,SABA 50,49.0,Europe,Italy,910312,2018
Lagoon,52 Sport,52.0,Caribbean,Mexico,1273178,2018
Lagoon,52F,52.0,Caribbean,U.S. Virgin Islands,1260030,2018
Lagoon,52 Sport,52.0,Caribbean,Mexico,1075000,2018
HH Catamarans,HH55 Catamaran,55.0,USA,Rhode Island,2890000,2018
Lagoon,380,38.0,Caribbean,Martinique,302570,2019
Lagoon,380,38.0,Caribbean,Martinique,302224,2019
Lagoon,380,38.0,Caribbean,Martinique,301925,2019
Lagoon,40,38.5,Europe,Sweden,474302,2019
Lagoon,40,38.5,Europe,Sweden,474278,2019
Lagoon,40,38.5,Europe,Croatia,468132,2019
Lagoon,40,38.5,Europe,Croatia,467658,2019
Lagoon,40,38.5,Europe,France,460836,2019
Lagoon,40,38.5,Europe,France,455973,2019
Lagoon,40,38.5,Europe,Croatia,419070,2019
Lagoon,40,38.5,Europe,Croatia,418744,2019
Lagoon,400,39.0,Caribbean,British Virgin Islands,486056,2019
Lagoon,400,39.0,Caribbean,British Virgin Islands,485500,2019
Fountaine Pajot,Lucia 40,39.0,Europe,France,455511,2019
Fountaine Pajot,Astrea 42,41.0,Europe,Spain,697906,2019
Bali,4.1,41.0,Europe,Italy,510103,2019
Bali,4.1,41.0,Europe,Italy,509271,2019
Bali,4.1,41.0,Europe,France,484598,2019
Bali,4.1,41.0,Europe,France,483808,2019
Bali,4.1,41.0,Europe,Croatia,480324,2019
Bali,4.1,41.0,Europe,Croatia,462084,2019
Bali,4.1,41.0,Europe,Croatia,461585,2019
Bali,4.1,41.0,Europe,Croatia,409066,2019
Bali,4.1,41.0,Europe,Greece,304103,2019
Fountaine Pajot,Astrea 42,41.0,USA,Texas,671824,2019
Fountaine Pajot,Astrea 42,41.0,USA,Florida,499000,2019
Lagoon,42,42.5,Caribbean,Dominican Republic,705237,2019
Lagoon,42,42.5,Caribbean,U.S. Virgin Islands,499000,2019
Lagoon,42,42.5,Caribbean,Martinique,486371,2019
Lagoon,42,42.5,Caribbean,Martinique,480291,2019
Lagoon,42,42.5,Caribbean,Martinique,479740,2019
Lagoon,42,42.5,Europe,France,709128,2019
Lagoon,42,42.5,Europe,Spain,594737,2019
Lagoon,42,42.5,Europe,Italy,594737,2019
Lagoon,42,42.5,Europe,Spain,557773,2019
Lagoon,42,42.5,Europe,Italy,486371,2019
Lagoon,42,42.5,Europe,Greece,486371,2019
Lagoon,42,42.5,Europe,Greece,485879,2019
Lagoon,42,42.5,Europe,Italy,485500,2019
Lagoon,42,42.5,Europe,Greece,485020,2019
Lagoon,42,42.5,Europe,Croatia,483565,2019
Lagoon,42,42.5,Europe,Greece,478957,2019
Lagoon,42,42.5,Europe,Greece,461585,2019
Lagoon,42,42.5,Europe,Greece,460769,2019
Lagoon,42,42.5,Europe,Greece,443364,2019
Lagoon,42,42.5,Europe,Greece,443019,2019
Lagoon,42,42.5,Europe,Croatia,359017,2019
Lagoon,42,42.5,USA,Texas,589000,2019
Lagoon,42,42.5,USA,Texas,589000,2019
Bali,4.3,43.0,Europe,Greece,522319,2019
Bali,4.3,43.0,Europe,Greece,521912,2019
Bali,4.5,44.6,Europe,Croatia,583645,2019
Bali,4.5,44.6,Europe,Croatia,583054,2019
Bali,4.5,44.6,Europe,Croatia,558597,2019
Outremer,45,45.0,Europe,France,873367,2019
Outremer,45,45.0,Europe,France,872686,2019
Nautitech,46 Fly,45.0,Europe,Greece,753112,2019
Nautitech,46 Fly,45.0,Europe,Greece,752525,2019
Leopard,45,45.0,USA,Florida,689000,2019
Leopard,45,45.0,USA,Florida,689000,2019
Fountaine Pajot,Saona 47,45.7,Europe,Italy,760007,2019
Fountaine Pajot,Saona 47,45.7,USA,Florida,874000,2019
Fountaine Pajot,Saona 47,45.7,USA,Florida,874000,2019
Lagoon,450,45.8,Caribbean,British Virgin Islands,702976,2019
Lagoon,450,45.8,Caribbean,British Virgin Islands,699635,2019
Lagoon,450,45.8,Caribbean,British Virgin Islands,668327,2019
Lagoon,450,45.8,Caribbean,British Virgin Islands,666903,2019
Lagoon,450,45.8,Caribbean,British Virgin Islands,665000,2019
Lagoon,450,45.8,Caribbean,Mexico,599000,2019
Lagoon,450,45.8,Caribbean,British Virgin Islands,590000,2019
Lagoon,450F,45.8,Caribbean,Martinique,551710,2019
Lagoon,450F,45.8,Caribbean,Martinique,544435,2019
Lagoon,450,45.8,Caribbean,Martinique,544435,2019
Lagoon,450,45.8,Europe,Turkey,666903,2019
Lagoon,450F,45.8,Europe,Turkey,641439,2019
Lagoon,450F,45.8,Europe,Croatia,616475,2019
Lagoon,450F,45.8,Europe,Croatia,615851,2019
Lagoon,450F,45.8,Europe,France,595120,2019
Lagoon,450,45.8,Europe,France,594150,2019
Lagoon,450S,45.8,Europe,Spain,594150,2019
Lagoon,46,46.0,Caribbean,Martinique,716932,2019
Lagoon,46,46.0,Caribbean,Martinique,715405,2019
Lagoon,50F,48.0,Caribbean,British Virgin Islands,1082175,2019
Lagoon,50F,48.0,Europe,Croatia,875796,2019
Lagoon,50F,48.0,Europe,Croatia,875114,2019
Lagoon,50,48.0,Europe,Greece,849625,2019
Lagoon,50,48.0,Europe,Greece,789584,2019
Lagoon,50,48.0,Europe,Greece,788937,2019
Lagoon,50,48.0,Europe,Greece,788937,2019
Bali,5.4,55.5,Europe,Greece,1246325,2019
Bali,5.4,55.5,Europe,Italy,811143,2019
Privilege,Series 5,56.0,USA,Florida,1495000,2019
